{"duration_ms":228748.1245,"explicit":0.2755,"year":2009.494,"popularity":59.8725,"danceability":0.6674375,"energy":0.720366,"key":5.378,"loudness":-5.5124345,"mode":0.5535,"speechiness":0.1035677,"acousticness":0.128954928,"instrumentalness":0.0152259906,"liveness":0.1812158,"valence":0.55168965,"tempo":120.1225575}